전/월세,보증금,월세,공급면적,전용면적,층,남향
1,27300,0,35,29,5,0
0,10000,10,23,16,3,0
1,15000,0,37,23,8,0
1,35000,0,39,39,5,0
1,33000,0,30,25,6,0
0,20000,25,29,25,4,0
1,24000,0,29,25,4,0
1,30000,0,35,29,5,1
1,7500,0,26,20,5,1
1,20000,0,42,37,4,0
1,20000,0,29,25,4,0
0,2000,60,26,20,5,0
0,1000,63,26,26,3,0
0,3000,55,49,36,2,0
1,18500,0,39,29,3,0
0,1000,60,35,20,5,0
1,35400,0,39,29,6,0
1,27300,0,35,29,5,1
1,33000,0,40,29,6,1
1,33000,0,30,25,6,0
1,32500,0,27,23,6,0
0,1000,40,42,39,3,0
1,27300,0,35,29,5,1
1,17850,0,29,24,3,0
0,17850,35,33,23,5,0
1,18000,0,37,32,4,1
0,1000,60,37,27,5,0
1,22950,0,33,23,5,0
1,28000,0,37,29,6,0
1,22950,0,33,23,5,0
1,25000,0,21,18,5,0
1,22000,0,40,36,2,1
1,13650,0,56,45,3,0
1,33000,0,30,25,6,0
0,16000,10,41,18,12,0
1,7500,0,21,21,4,0
0,2000,60,20,20,5,0
1,13000,0,14,14,3,0
0,5000,50,40,38,3,0
1,15000,0,50,23,8,0
0,10000,10,23,16,3,0
1,28500,0,33,28,4,1
1,27300,0,35,29,5,0
1,33000,0,31,26,6,0
1,39000,0,38,28,6,0
1,9000,0,25,18,2,0
1,35000,0,30,25,6,0
1,17850,0,29,24,2,0
0,1000,40,35,35,3,0
1,33000,0,30,25,6,0
1,37000,0,67,45,4,1
1,37000,0,65,49,5,0
0,0,25,24,24,3,0
0,10000,10,23,16,3,0
0,1000,65,39,29,4,0
0,10000,10,23,16,3,0
0,1000,65,36,33,2,1
1,15000,0,41,37,2,1
1,31000,0,32,26,6,1
1,39000,0,43,28,6,1
0,1000,40,40,40,2,0
1,22950,0,33,23,5,0
1,39000,0,38,28,6,0
0,1000,75,33,30,3,0
0,0,30,15,10,2,0
1,25800,0,46,20,6,0
1,33000,0,30,25,6,0
0,3000,60,107,40,2,1
1,34000,0,124,26,6,0
1,39000,0,38,28,6,1
1,18000,0,43,39,4,0
0,0,25,18,18,3,0
1,22000,0,64,47,3,1
0,10000,25,33,33,3,0
1,28500,0,33,28,4,1
1,25000,0,21,18,5,1
0,0,42,23,13,5,0
1,22950,0,33,23,5,0
1,20000,0,24,20,4,1
1,27300,0,35,29,5,0
1,39000,0,38,28,6,0
1,37000,0,63,45,5,0
1,28000,0,37,29,6,0
1,39000,0,39,28,6,0
0,1000,42,14,14,5,0
1,28000,0,31,29,5,0
1,25000,0,59,18,5,0
1,33000,0,59,25,6,0
1,16000,0,29,17,9,0
1,29200,0,49,29,4,1
1,17850,0,25,24,2,1
1,27000,0,21,18,5,0
1,34000,0,34,25,6,0
1,32500,0,34,23,6,0
1,39000,0,31,27,6,0
1,39000,0,40,28,6,0
0,20000,25,29,25,4,0
0,20000,20,29,25,4,1
1,31000,0,32,26,6,1
1,27300,0,39,33,6,1
1,34200,0,31,26,6,0
1,30000,0,35,29,5,1
1,38000,0,37,27,5,1
1,20000,0,24,20,4,1
0,17850,25,33,23,5,0
1,25000,0,29,25,4,0
1,24000,0,29,25,4,1
0,15000,25,24,20,4,1
1,19000,0,36,29,2,0
1,30000,0,35,29,5,0
1,23000,0,45,37,2,0
1,30000,0,35,29,5,1
1,30000,0,35,29,5,0
1,22950,0,33,23,5,0
1,27300,0,35,29,5,0
1,15000,0,20,19,2,0
1,17850,0,33,23,5,0
1,27300,0,42,29,5,0
0,22950,10,23,23,3,0
1,12000,0,21,16,3,0
0,1000,64,29,29,3,0
0,5000,15,21,16,3,1
1,30000,0,66,29,5,0
1,13650,0,38,35,3,0
1,28500,0,33,28,4,0
0,1000,50,38,38,2,0
1,36500,0,29,29,5,0
1,28500,0,33,28,4,0
1,12000,0,71,15,3,0
1,16000,0,29,17,9,0
0,1000,53,25,18,4,0
0,1000,55,36,26,3,0
0,5000,120,66,39,15,0
1,35000,0,39,29,6,0
1,28000,0,37,29,6,0
1,27300,0,35,29,5,1
1,39000,0,38,28,6,0
1,20000,0,39,35,2,1
1,35000,0,30,25,6,0
1,20000,0,35,35,2,0
1,28000,0,35,28,5,0
1,27000,0,35,29,6,0
1,16000,0,50,17,9,0
1,28000,0,35,28,5,0
1,35000,0,39,29,6,1
1,38000,0,35,29,6,0
0,0,30,29,26,1,0
0,12000,45,42,42,3,0
1,33000,0,38,29,6,0
0,1000,40,69,34,2,0
1,16000,0,50,17,9,0
1,13000,0,14,14,3,0
1,17850,0,33,23,5,0
0,16000,10,41,18,12,0
0,1000,40,40,40,2,0
1,35500,0,51,29,4,0
1,17850,0,33,23,5,0
1,20000,0,33,17,4,0
1,39000,0,43,28,6,0
0,1000,80,23,18,5,1
0,1000,55,29,26,3,0
0,12000,35,33,29,3,0
1,12000,0,69,17,3,0
0,12000,35,50,33,3,0
0,1000,50,76,36,2,0
1,23000,0,34,20,15,0
0,0,95,38,16,13,0
1,15000,0,23,23,3,1
1,12000,0,14,14,3,0
1,27300,0,36,29,5,0
1,37000,0,67,45,4,0
0,1000,65,35,35,3,0
0,8000,60,50,47,3,1
0,15000,45,171,49,4,1
1,31000,0,30,25,6,1
1,30000,0,35,29,5,0
1,39000,0,59,28,6,0
1,17850,0,29,24,2,1
1,30000,0,66,29,5,0
0,0,30,25,25,2,1
0,3000,80,30,23,4,1
1,16000,0,29,17,9,0
0,1000,65,29,29,3,0
0,2000,35,35,30,2,0
1,35000,0,123,29,6,0
1,20000,0,34,30,5,0
1,37000,0,95,45,4,0
1,39000,0,38,28,6,1
1,27300,0,137,29,5,0
1,33000,0,124,25,6,0
1,27300,0,137,29,5,0
0,1000,65,29,29,3,0
1,35500,0,66,39,15,0
1,13000,0,21,18,5,0
1,35000,0,39,29,6,0
1,17850,0,33,23,5,0
1,13000,0,71,13,3,0
1,31000,0,26,26,5,1
1,20000,0,84,20,4,0
1,26000,0,44,29,4,0
1,30000,0,40,34,6,1
1,39000,0,38,28,6,1
1,35000,0,30,25,6,0
1,34000,0,31,26,6,0
0,20000,25,84,28,4,0
1,20000,0,25,20,4,0
1,39000,0,38,28,6,0
0,15000,25,84,20,4,0
1,13000,0,71,13,3,0
1,15000,0,35,26,7,0
1,27800,0,35,29,5,0
0,1000,50,33,26,3,0
1,12000,0,71,14,3,0
1,17850,0,33,23,5,0
1,25000,0,21,18,5,0
1,17850,0,58,24,2,1
1,27300,0,33,28,6,1
0,22000,6,40,33,5,1
1,39000,0,38,28,6,0
1,39000,0,38,28,6,0
1,34200,0,31,26,6,0
1,37000,0,67,45,4,0
1,20000,0,39,35,2,1
1,27300,0,46,29,5,0
1,33000,0,30,25,6,0
1,20000,0,36,36,2,0
1,8000,0,24,24,2,1
1,55000,0,24,20,4,0
1,34000,0,31,25,6,0
1,32000,0,34,29,5,0
1,27300,0,35,29,5,0
1,34000,0,38,29,6,0
1,33000,0,40,29,6,1
1,31970,0,40,29,6,0
1,28000,0,37,29,6,0
1,8000,0,26,23,2,1
0,1000,40,42,39,3,0
1,18000,0,31,31,3,0
0,0,95,38,16,13,0
1,27000,0,43,32,4,0
1,8000,0,30,24,3,0
1,19000,0,36,36,4,0
1,25500,0,34,29,4,0
1,22000,0,46,42,2,0
1,34000,0,30,25,6,0
0,1000,50,25,23,3,0
0,2000,61,23,23,4,1
1,30000,0,35,29,5,0
1,9000,0,24,23,2,0
1,34000,0,30,25,6,0
1,33000,0,30,25,6,0
1,30000,0,35,29,5,1
1,30000,0,34,29,5,1
0,17850,30,33,23,5,0
1,22950,0,33,23,5,0
1,22950,0,33,23,5,0
1,29000,0,34,29,6,0
0,17850,30,33,23,5,0
1,30000,0,29,29,5,1
1,37000,0,67,45,4,1
1,34000,0,31,26,6,0
1,22000,0,36,36,2,0
1,27000,0,33,29,6,0
1,30000,0,35,29,5,0
1,34200,0,31,26,6,0
1,30000,0,35,29,5,0
1,31000,0,30,24,5,0
1,31000,0,26,26,6,0
1,28000,0,37,29,6,0
1,33000,0,42,35,6,1
0,0,30,15,15,2,0
1,20000,0,39,35,2,1
1,30000,0,34,29,5,0
1,16000,0,29,17,9,0
1,31000,0,49,26,6,1
1,35000,0,55,49,3,0
0,1000,40,33,33,3,1
1,16500,0,29,17,9,0
1,25500,0,34,29,4,0
1,20000,0,36,36,2,0
1,25500,0,34,29,4,0
1,20000,0,36,36,2,0
1,35000,0,31,26,6,0
1,39000,0,28,28,6,0
1,13000,0,40,40,2,0
0,1000,55,50,33,3,0
1,14000,0,20,19,2,0
1,25500,0,34,29,4,0
1,36500,0,36,29,5,0
1,13000,0,71,21,3,0
1,20000,0,24,20,4,0
0,2000,35,32,32,2,0
1,27000,0,35,29,6,0
1,26950,0,29,23,5,0
0,2500,30,9,9,3,0
0,1000,52,30,18,3,0
1,39000,0,38,28,6,0
1,34500,0,108,29,6,0
1,27000,0,35,30,6,0
1,35000,0,31,26,6,0
1,37000,0,67,45,4,1
1,27000,0,29,29,6,0
1,39000,0,81,28,6,0
1,13000,0,50,16,3,0
1,31000,0,32,26,6,1
0,15000,45,171,39,3,1
1,37000,0,67,45,4,1
1,27300,0,46,28,6,0
1,33000,0,30,25,6,0
1,30000,0,30,26,5,0
1,12000,0,50,14,3,0
1,39000,0,38,28,6,0
1,27300,0,35,29,5,0
1,27300,0,35,29,5,0
0,20000,25,29,29,4,1
1,30000,0,34,29,5,0
1,20000,0,24,24,4,0
1,18000,0,29,29,2,0
1,8000,0,24,24,2,1
1,16000,0,29,17,9,0
1,36000,0,36,26,6,0
1,35000,0,31,26,6,0
1,33000,0,30,25,6,1
1,32500,0,34,23,6,0
1,39000,0,49,28,6,0
1,25000,0,59,18,5,0
1,30000,0,34,29,5,0
1,13000,0,33,33,2,0
1,27800,0,35,29,5,1
1,35000,0,39,29,6,0
1,27800,0,35,29,5,0
1,39000,0,45,28,6,0
1,34000,0,30,25,6,0
1,34000,0,35,25,6,0
1,20000,0,24,20,4,0
0,15000,25,24,20,4,0
0,1000,53,18,18,4,1
0,0,35,26,26,3,0
0,5000,50,40,40,3,0
1,36000,0,39,25,6,0
1,28000,0,37,29,6,0
1,22950,0,33,23,5,0
1,33000,0,39,29,5,0
1,22950,0,33,23,5,0
1,35000,0,39,29,6,0
0,20000,20,29,25,4,0
1,22000,0,44,39,4,0
1,17850,0,29,24,2,0
1,22000,0,40,40,2,0
1,35000,0,39,29,6,0
1,29000,0,34,29,6,0
1,25000,0,29,25,4,0
0,15000,45,171,50,3,1
1,24000,0,29,25,4,0
0,0,30,20,18,2,0
1,18000,0,29,29,2,0
0,14500,10,53,23,15,0
1,27300,0,32,28,6,1
1,35000,0,39,29,6,0
1,35000,0,45,29,6,0
0,5000,15,50,16,3,0
0,2000,30,32,30,2,0
1,18000,0,30,29,2,0
1,29000,0,43,32,4,0
0,0,35,25,25,2,0
1,12000,0,71,16,3,0
1,12000,0,71,16,3,0
1,32500,0,34,23,6,0
0,0,27,24,23,3,1
0,1000,40,33,32,3,0
1,33000,0,32,26,6,1
1,35400,0,39,29,6,0
1,37000,0,67,45,4,0
1,32500,0,34,23,6,0
0,3000,25,50,16,3,0
1,34000,0,30,25,6,0
0,0,30,50,22,3,0
1,33000,0,32,26,5,1
1,18900,0,39,29,5,0
1,27300,0,35,29,5,1
1,34000,0,30,25,6,1
1,33000,0,30,25,5,0
1,35000,0,35,29,6,1
0,5000,15,50,16,3,0
1,19000,0,74,39,4,0
1,37000,0,60,45,4,0
1,33000,0,30,25,6,0
1,13000,0,40,28,4,0
1,14000,0,35,26,7,0
0,20000,20,28,28,4,0
1,20000,0,22,20,4,1
1,30000,0,34,29,6,0
1,20000,0,39,35,2,1
1,25000,0,21,18,5,0
1,16000,0,29,17,9,0
1,36000,0,67,45,5,0
1,18000,0,29,29,2,0
1,17850,0,33,23,5,0
1,35000,0,32,27,6,0
1,32500,0,34,23,6,0
1,17850,0,23,23,5,0
1,31000,0,32,26,6,0
1,25000,0,59,18,5,0
1,16000,0,50,17,9,0
1,31000,0,32,26,6,1
1,27300,0,31,25,5,0
1,30000,0,42,34,5,0
1,39000,0,38,28,6,0
1,32000,0,38,29,4,1
1,33000,0,39,29,6,0
1,34000,0,30,25,6,0
1,37000,0,60,49,5,0
1,39000,0,38,28,6,0
1,26000,0,34,20,15,0
1,39000,0,59,28,6,0
1,33000,0,38,25,6,0
1,35000,0,31,26,6,0
1,16000,0,29,17,9,0
1,34000,0,30,25,6,0
1,27000,0,31,25,5,0
1,32500,0,34,23,6,0
1,33000,0,45,26,6,0
1,37000,0,60,45,4,0
1,34000,0,40,25,6,0
0,0,30,19,13,3,0
1,30000,0,35,30,6,0
1,35000,0,30,25,6,0
1,25000,0,21,18,5,0
1,33000,0,30,25,6,0
0,5000,55,20,19,5,0
1,16000,0,41,36,2,0
1,20000,0,36,36,2,0
1,39000,0,38,28,6,0
0,1000,50,50,23,3,0
1,35000,0,30,25,6,0
1,34200,0,31,26,6,0
0,16000,10,41,18,12,0
1,36000,0,31,26,6,0
0,2000,57,40,20,5,1
1,45000,0,49,29,5,0
1,33000,0,39,29,6,0
1,35000,0,49,25,6,0
1,12000,0,69,13,3,0
1,27800,0,35,29,5,0
1,39000,0,49,28,6,0
1,25000,0,21,18,5,1
1,20000,0,39,35,2,0
1,15000,0,71,16,3,0
1,16000,0,29,17,9,0
0,10000,40,29,29,3,0
1,35000,0,31,26,6,0
0,14000,45,170,39,3,0
1,37500,0,36,29,5,0
1,13200,0,19,14,5,0
1,35000,0,30,25,6,0
1,24000,0,42,42,3,0
1,39000,0,38,28,6,0
1,13650,0,45,45,3,0
1,19000,0,39,36,4,1
1,26000,0,34,20,15,0
0,10000,110,66,39,15,0
1,19000,0,36,29,2,0
0,17850,40,33,23,5,0
1,17850,0,33,23,5,0
1,20000,0,39,35,2,1
1,25000,0,21,18,5,0
1,32500,0,37,23,6,0
1,36500,0,36,29,5,0
1,31000,0,32,26,6,1
0,2000,33,33,29,3,0
1,25000,0,21,18,5,0
1,32500,0,31,23,5,0
1,32500,0,34,23,6,0
0,2000,65,35,29,5,0
1,30000,0,49,34,5,0
1,27800,0,35,29,5,1
1,27300,0,21,18,5,1
1,15000,0,50,37,4,0
0,7000,50,42,42,3,0
0,2000,40,42,42,4,0
0,1000,45,38,38,2,0
0,0,35,28,28,3,0
0,0,35,35,35,2,1
1,27000,0,35,35,6,0
1,33000,0,31,25,6,0
1,27300,0,39,39,5,0
1,34000,0,18,15,6,0
1,32000,0,35,30,6,0
1,21000,0,42,39,4,0
0,1000,52,26,18,4,0
0,2000,35,33,33,3,0
0,0,35,59,25,2,0
1,31000,0,49,26,6,1
1,34200,0,46,26,6,0
1,20000,0,36,36,2,0
1,15000,0,33,25,7,0
1,35000,0,26,25,6,0
1,18000,0,38,32,4,1
0,2000,60,35,25,5,0
1,13000,0,32,28,2,0
1,30000,0,40,34,5,0
1,19000,0,49,36,3,1
1,4200,0,33,23,4,0
0,24000,5,20,14,16,0
1,33000,0,40,29,5,0
1,33000,0,40,29,5,0
1,33000,0,40,29,5,0
1,33000,0,40,29,5,0
0,1000,70,40,25,15,0
0,1000,70,40,25,15,0
0,2000,90,44,39,3,0
0,1000,70,40,25,15,0
0,1000,85,38,38,6,0
0,1000,50,20,20,3,0
0,3000,116,46,29,6,0
0,3000,116,46,29,6,0
0,0,57,19,18,2,0
1,27000,0,49,49,3,1
1,21000,0,33,29,5,0
0,1000,70,25,25,3,0
0,1000,70,61,26,3,1
0,7000,50,38,30,5,0
0,7000,50,38,30,5,0
1,25000,0,50,49,3,0
1,29400,0,31,26,6,0
0,5000,55,36,32,4,0
0,24000,5,20,14,16,0
1,18500,0,158,18,5,0
1,28000,0,43,34,6,1
0,1000,70,40,40,3,1
0,2000,90,35,27,5,0
0,7000,50,51,39,5,0
0,1000,85,130,23,3,0
1,27000,0,48,29,5,0
1,20000,0,41,41,2,0
0,1000,90,35,27,5,0
0,0,55,13,13,3,0
0,1000,85,27,27,3,0
0,8000,80,45,45,3,0
1,33000,0,40,29,5,0
1,29500,0,44,26,6,0
1,28000,0,34,34,6,1
0,25000,25,35,26,6,0
1,28000,0,43,34,5,1
1,45000,0,45,28,6,0
0,1000,80,33,32,3,1
1,38000,0,62,47,12,0
1,38000,0,62,47,12,0
0,1000,55,26,25,3,1
0,1000,85,40,30,6,0
0,1000,50,45,45,3,0
0,1000,85,27,23,3,0
0,1000,50,49,41,4,0
0,1000,85,25,23,3,0
0,1000,70,40,30,4,0
1,18000,0,27,18,6,0
1,18000,0,25,20,5,0
1,22000,0,32,24,5,0
0,1000,75,52,29,15,0
1,18000,0,32,24,5,0
1,29400,0,29,26,6,0
1,30000,0,42,37,5,0
0,4000,70,40,30,5,0
0,1000,100,64,35,15,0
0,1000,75,52,29,15,0
0,0,40,81,19,3,0
1,27560,0,37,29,5,0
1,18000,0,27,23,5,0
1,27000,0,48,29,5,0
0,2000,90,124,43,3,0
0,0,63,30,25,4,0
0,2000,90,33,33,3,0
0,5000,108,29,29,6,0
1,19000,0,29,29,6,0
0,0,50,33,33,3,1
0,3000,115,46,29,6,0
0,3000,115,46,29,6,0
0,8000,45,36,32,4,0
1,25000,0,41,37,2,1
0,13000,45,38,37,3,0
0,4000,50,33,33,2,0
1,27000,0,48,29,5,0
0,2000,90,39,39,3,0
1,15000,0,18,14,5,0
1,25000,0,50,49,3,0
0,25000,25,32,26,5,0
1,15000,0,18,14,5,0
1,29500,0,32,26,5,0
0,1000,75,31,31,5,0
0,1500,120,122,40,4,1
1,27000,0,48,29,5,0
0,3000,80,20,20,5,0
0,3000,45,25,20,3,0
1,29500,0,35,26,6,0
1,13000,0,33,30,2,0
1,38000,0,62,47,12,0
0,2000,90,41,41,3,0
0,0,55,41,24,6,0
1,21000,0,33,29,5,0
0,0,60,21,21,3,0
1,17000,0,23,17,5,0
1,33000,0,40,29,5,0
1,22000,0,32,24,5,1
1,50000,0,32,26,6,1
1,45000,0,35,29,5,0
1,18000,0,27,23,5,0
0,2000,90,33,33,3,0
1,27600,0,37,29,5,0
0,1000,80,48,30,7,0
0,3000,80,27,25,5,0
0,2000,75,37,37,2,0
1,18000,0,23,23,5,1
0,1000,48,20,18,4,0
1,30000,0,32,26,6,1
0,1000,70,70,37,19,0
1,18000,0,23,17,5,1
0,25000,20,32,26,6,0
1,22000,0,31,25,6,0
0,2000,45,32,21,6,0
0,1000,75,30,25,5,0
0,4000,50,27,26,2,0
0,3000,45,20,20,3,0
0,2000,120,228,40,7,0
0,5000,75,49,44,3,0
1,30000,0,42,37,5,0
0,1000,65,20,14,5,0
0,3400,115,30,22,5,0
0,1000,50,20,20,3,1
1,30000,0,29,22,5,0
0,13000,45,37,36,3,0
1,29500,0,34,27,6,0
0,5000,75,89,42,3,0
0,1000,45,36,36,3,0
1,19000,0,42,29,6,1
1,18000,0,23,23,5,0
0,1000,120,60,50,3,0
0,2000,90,47,43,4,1
0,2000,80,35,35,2,0
1,4200,0,25,23,3,0
0,0,40,88,19,3,0
0,0,40,16,16,3,0
0,1000,150,73,30,2,0
0,1000,70,29,20,3,0
0,1000,50,21,20,3,1
0,2000,90,50,42,3,0
1,7500,0,93,16,4,0
1,16000,0,23,17,5,0
1,45000,0,35,28,6,0
1,25000,0,58,49,4,1
0,1000,80,70,37,19,0
1,18000,0,25,19,5,0
0,1000,100,50,16,5,0
0,1000,50,50,24,4,0
1,30000,0,42,37,5,0
0,1000,50,50,24,4,0
1,18000,0,18,18,6,0
1,17000,0,42,40,3,0
1,18500,0,26,18,5,0
0,1000,45,50,23,3,0
0,1000,45,50,31,3,0
1,28000,0,56,34,5,1
0,15000,50,58,49,4,1
0,1000,45,50,19,3,0
0,1000,45,50,23,3,0
0,1000,100,50,46,5,0
1,18000,0,27,18,5,0
0,2000,90,42,42,3,0
0,0,52,20,20,2,0
1,19000,0,50,41,3,1
0,2000,90,36,27,5,0
0,1000,45,35,30,5,1
0,1000,65,36,36,2,0
1,18000,0,24,17,5,1
0,25000,10,52,41,4,0
0,25000,25,32,26,5,0
1,23000,0,50,40,5,1
1,37000,0,27,27,5,0
0,5000,55,39,33,4,0
1,27560,0,36,29,5,0
1,42000,0,35,29,6,0
1,41000,0,34,29,5,0
1,41000,0,34,29,5,0
1,45000,0,38,31,5,0
1,41000,0,34,29,5,0
0,3000,50,33,33,2,1
1,37000,0,35,29,5,0
1,45000,0,56,48,7,0
1,36500,0,35,29,5,0
1,37000,0,35,29,5,0
1,28000,0,22,18,5,0
1,39000,0,33,27,6,0
0,12000,64,31,25,5,1
1,42000,0,34,29,5,0
1,42000,0,42,29,5,0
0,2000,50,16,12,5,0
1,45000,0,56,48,7,0
0,10000,58,44,33,5,0
1,20000,0,24,16,6,0
1,26000,0,50,40,5,0
1,42000,0,30,26,5,0
1,21000,0,24,20,5,0
1,36500,0,35,29,5,0
1,43000,0,35,29,5,0
1,26000,0,48,40,5,0
1,26000,0,48,40,5,0
1,44000,0,36,32,5,0
0,10000,58,45,33,5,0
0,20000,50,36,36,4,0
1,30000,0,36,36,4,0
1,45000,0,56,48,7,0
1,28000,0,22,18,5,0
1,13500,0,20,15,5,0
1,17700,0,35,35,2,1
1,26000,0,48,40,5,0
1,26000,0,50,40,5,0
1,39000,0,35,27,6,0
1,25000,0,50,40,5,0
1,17700,0,35,35,2,1
1,28000,0,22,18,5,1
1,42000,0,35,29,6,0
1,45000,0,56,48,7,0
0,15000,40,39,36,3,1
1,18000,0,27,23,5,1
1,36500,0,35,29,5,0
1,32000,0,31,25,6,0
0,10000,100,39,39,4,0
1,42000,0,34,29,5,1
1,17700,0,35,35,2,0
1,32000,0,31,22,5,0
1,45000,0,35,29,5,0
1,42000,0,35,29,5,0
0,1000,45,33,23,3,0
1,15000,0,34,26,4,0
1,26000,0,36,29,5,0
0,12000,55,71,35,3,1
1,35000,0,34,27,5,0
0,1000,55,76,36,2,1
1,45000,0,35,29,5,0
1,23700,0,26,18,6,1
1,37500,0,35,29,5,0
1,8000,0,40,39,2,1
1,41000,0,34,29,5,0
1,42000,0,42,29,6,0
1,32000,0,32,25,6,0
1,45000,0,37,29,6,0
1,36500,0,35,29,5,0
1,36000,0,59,27,5,0
0,12000,30,50,19,4,0
0,1000,68,31,27,5,1
1,22000,0,40,35,3,0
1,35000,0,34,27,5,0
0,12000,59,31,25,5,0
1,40000,0,34,29,5,1
1,43000,0,53,28,5,0
1,43000,0,52,28,5,0
1,32000,0,26,25,6,0
1,9000,0,34,26,4,1
0,12000,64,91,25,5,1
0,3000,60,28,26,6,0
0,15000,20,35,30,3,0
1,36500,0,35,29,5,0
1,36500,0,35,29,5,0
1,28000,0,40,35,2,1
1,18000,0,40,35,2,0
1,39000,0,40,27,6,1
1,17700,0,35,35,2,1
1,20000,0,38,28,6,0
1,42000,0,34,29,5,0
1,37000,0,35,29,5,0
1,37500,0,35,29,5,1
1,32000,0,31,25,6,0
1,42000,0,34,29,5,0
1,19400,0,26,23,5,0
1,42000,0,42,29,5,0
1,39000,0,35,27,6,0
1,36500,0,31,29,5,0
1,42000,0,34,29,5,0
1,22000,0,41,34,5,0
1,17700,0,35,35,2,1
1,35000,0,34,27,5,0
0,15000,20,35,30,3,0
1,36000,0,34,27,5,0
1,43000,0,35,29,5,0
1,45000,0,37,29,6,0
0,15000,40,71,35,3,0
1,17700,0,35,35,2,1
1,23000,0,49,49,3,0
1,37500,0,29,29,5,0
1,24000,0,23,16,6,1
1,36500,0,35,29,5,0
1,43000,0,37,28,5,0
0,12000,25,20,16,5,0
1,35000,0,34,27,5,0
1,42000,0,34,29,5,0
1,24000,0,23,16,6,0
0,11000,35,39,32,4,0
1,23000,0,49,49,2,1
1,19900,0,70,35,2,0
1,43000,0,48,28,5,1
0,12000,20,50,13,5,0
1,36500,0,40,29,5,0
1,36500,0,35,29,5,0
1,32000,0,40,25,6,0
1,22000,0,32,27,5,0
1,32000,0,38,27,5,0
0,21000,50,49,46,4,0
1,37000,0,59,29,5,0
1,31000,0,36,36,4,0
1,21000,0,35,30,5,0
1,42000,0,40,29,5,0
1,28000,0,36,29,5,0
1,42000,0,59,28,5,0
1,35000,0,59,27,5,0
1,28000,0,36,29,5,0
1,29000,0,39,18,5,0
1,36500,0,59,29,5,0
1,22000,0,41,34,5,0
0,12000,30,26,19,4,0
1,28000,0,22,18,5,0
0,12000,64,31,25,5,0
1,36000,0,40,27,5,0
0,12000,64,31,25,5,0
0,12000,10,50,12,5,0
1,40000,0,52,28,5,0
1,37500,0,137,29,5,0
1,19000,0,33,33,3,0
1,30000,0,36,36,4,0
1,39000,0,47,29,5,0
0,1000,50,56,39,3,0
1,35000,0,32,25,5,1
1,19950,0,49,27,5,1
1,16500,0,23,19,5,0
1,28000,0,22,18,6,0
1,20000,0,23,16,6,0
1,32000,0,37,29,6,0
0,4000,20,25,25,2,0
1,36000,0,46,27,5,0
1,28000,0,22,18,5,1
1,43000,0,38,31,5,0
1,42000,0,34,28,5,0
1,36500,0,35,29,5,0
1,39000,0,35,29,5,0
1,39000,0,35,29,5,0
1,41000,0,34,29,5,0
1,36500,0,35,29,5,0
1,17700,0,35,35,2,1
1,32000,0,31,25,6,0
1,28000,0,22,18,5,1
1,42000,0,34,29,5,1
1,32000,0,22,18,5,1
0,15000,40,33,33,3,0
0,12000,64,31,25,5,0
1,28000,0,36,29,4,0
1,43000,0,35,29,5,0
1,42000,0,33,28,5,1
0,15000,40,33,33,3,0
0,15000,40,35,33,3,0
1,30000,0,33,27,5,1
0,13000,20,85,42,4,0
1,43000,0,36,28,5,0
1,36500,0,35,29,5,0
1,37500,0,45,29,5,0
0,1000,85,15,15,4,0
1,36500,0,45,29,5,0
1,15500,0,20,15,5,0
1,36500,0,35,29,5,0
1,20000,0,41,41,3,0
1,42000,0,46,29,6,0
1,8000,0,40,40,3,1
0,1000,50,33,33,2,1
1,23000,0,32,29,5,0
1,28000,0,36,36,4,0
0,18000,50,36,33,4,1
1,17000,0,41,30,2,0
1,42000,0,34,29,5,0
0,12000,10,18,12,4,0
1,19950,0,31,27,5,1
1,42000,0,34,29,5,0
0,2000,70,50,22,6,0
1,32000,0,32,25,6,0
1,20000,0,33,33,3,0
1,37000,0,35,29,5,0
1,43000,0,35,27,5,0
1,25000,0,33,29,5,0
0,12000,10,18,12,5,0
1,32000,0,42,25,6,0
1,8000,0,52,39,3,1
0,1000,85,33,26,4,1
1,39000,0,40,29,5,0
1,13000,0,85,42,4,0
1,25000,0,41,37,4,0
1,17700,0,35,35,2,1
1,43000,0,40,29,5,0
1,43000,0,33,29,5,0
0,15000,50,15,12,5,0
0,1000,80,28,28,5,1
1,15500,0,20,15,5,0
1,37500,0,46,29,5,0
1,39000,0,43,27,6,0
1,37000,0,35,29,5,0
1,36500,0,46,29,5,0
1,36500,0,46,29,5,0
1,42000,0,37,29,6,0
1,8000,0,29,25,2,0
1,37000,0,43,29,5,0
0,7000,30,33,33,3,0
1,35000,0,33,27,5,1
1,23000,0,55,50,3,0
1,32000,0,37,25,6,0
1,37000,0,46,29,5,0
1,36000,0,35,29,5,0
1,43000,0,42,39,5,0
1,32000,0,32,25,6,0
1,37500,0,49,29,5,0
1,42000,0,43,29,6,0
1,27000,0,22,18,5,1
1,21000,0,35,30,5,0
1,28000,0,31,22,6,0
0,2000,100,35,30,4,0
1,22000,0,39,32,5,0
1,42000,0,34,29,5,0
1,36500,0,35,29,5,0
1,28000,0,33,18,5,0
0,12000,64,31,25,5,0
1,42000,0,49,29,5,0
1,43000,0,52,32,5,0
1,42000,0,49,28,5,0
1,22000,0,32,27,5,0
1,25000,0,34,29,5,1
1,21000,0,34,34,2,1
1,8000,0,19,19,2,0
1,42000,0,49,29,5,0
1,43000,0,52,31,5,0
1,43000,0,32,28,5,0
1,42000,0,52,29,5,0
1,38000,0,35,27,6,1
1,18000,0,53,48,4,0
1,25000,0,43,37,4,0
1,26000,0,34,29,5,0
1,42000,0,37,29,6,1
1,42000,0,52,29,5,0
1,42000,0,34,29,5,1
1,43000,0,52,28,5,0
1,16500,0,23,19,5,1
1,20000,0,20,15,5,0
1,20000,0,43,30,5,1
1,43000,0,52,28,5,0
0,12000,15,18,12,5,0
0,12000,10,18,12,4,0
1,23000,0,44,40,3,0
0,12000,15,18,14,5,0
0,10000,50,43,30,5,1
0,2000,70,33,28,2,0
1,43000,0,52,29,5,0
1,43000,0,31,28,5,0
1,26000,0,34,29,5,0
1,17700,0,35,35,2,1
1,32000,0,32,25,6,0
1,14500,0,20,15,5,0
1,38000,0,35,29,5,0
1,25000,0,50,40,5,0
0,12000,20,20,14,5,0
0,12000,60,46,46,3,0
1,13000,0,38,38,2,0
1,43000,0,35,27,5,0
1,22000,0,36,32,5,0
0,12000,25,19,14,5,0
1,24000,0,40,29,5,0
1,28000,0,40,35,3,1
1,13000,0,56,33,2,1
1,39000,0,35,29,5,1
1,21000,0,47,39,5,0
1,37500,0,35,29,5,0
1,38000,0,42,27,6,1
1,37500,0,35,29,5,0
1,37000,0,35,29,5,0
1,43000,0,36,28,5,0
0,12000,59,31,25,5,0
1,43000,0,34,29,5,1
1,17700,0,35,35,2,1
1,20000,0,15,12,5,0
1,13500,0,31,24,3,1
1,36500,0,35,29,5,0
0,4000,85,30,25,2,0
1,43000,0,52,28,5,0
0,12000,20,50,14,5,0
1,20000,0,49,39,3,1
0,15000,30,39,29,5,0
1,13500,0,15,15,5,0
0,1000,70,41,36,2,1
1,43000,0,42,29,6,0
1,20000,0,23,16,6,1
1,17700,0,35,35,2,1
1,16300,0,23,19,5,0
1,15500,0,20,15,5,0
1,40000,0,43,35,4,1
1,37000,0,35,29,5,0
0,12000,15,14,14,5,0
1,36500,0,35,29,5,0
0,12000,30,16,16,5,0
1,38000,0,42,27,6,1
1,36500,0,35,29,5,0
0,12000,10,12,12,4,0
1,35000,0,34,27,5,0
1,35000,0,34,27,5,0
0,12000,30,19,19,4,0
1,39000,0,35,27,6,0
1,32000,0,32,25,6,0
0,12000,15,12,12,5,0
0,12000,15,12,12,5,0
0,12000,25,17,17,5,0
1,28000,0,41,36,5,0
1,24000,0,40,40,5,0
1,30000,0,33,27,5,1
1,34000,0,36,29,5,0
1,13500,0,50,15,5,0
1,32000,0,39,25,6,0
1,36500,0,45,29,5,0
1,37000,0,35,29,5,0
1,17700,0,70,33,2,1
1,37500,0,31,29,5,0
1,22000,0,41,34,5,1
1,37000,0,35,29,5,0
1,17700,0,35,35,2,0
1,36500,0,35,29,5,0
0,15000,40,35,30,4,0
1,15500,0,20,15,5,0
1,36500,0,35,29,5,0
0,4000,85,79,36,2,0
1,20000,0,41,40,3,1
0,4000,85,44,39,2,0
1,20000,0,22,17,5,0
1,20000,0,41,39,3,1
0,12000,64,31,25,5,1
1,37000,0,35,29,5,0
0,4000,85,39,39,2,1
1,14500,0,25,15,5,0
0,5000,80,36,36,2,1
0,12000,20,50,15,5,0
0,12000,64,31,25,5,1
1,13500,0,20,15,5,0
1,13500,0,20,15,5,0
1,35000,0,40,35,7,0
1,21000,0,25,22,5,0
1,17700,0,35,35,2,0
1,37500,0,35,29,5,0
1,39000,0,35,29,5,0
1,37000,0,35,29,5,0
1,17700,0,40,35,2,0
1,37000,0,35,29,5,0
1,35000,0,34,27,5,0
1,45000,0,38,31,5,0
1,36500,0,47,29,5,0
1,32000,0,23,19,6,0
0,4000,50,49,39,3,0
1,22000,0,49,32,5,1
1,37000,0,35,29,5,0
1,42000,0,34,29,5,0
1,40000,0,35,29,5,0
1,42000,0,34,29,5,0
1,36500,0,35,29,5,0
1,45000,0,35,29,5,0
0,7000,30,33,27,3,0
1,39000,0,35,27,6,0
0,12000,10,20,12,4,0
1,20000,0,22,20,5,0
1,37000,0,35,29,5,0
0,12000,30,25,19,4,0
0,15000,25,41,40,4,1
1,17700,0,35,35,2,1
1,15000,0,36,36,2,0
1,35000,0,35,29,5,0
1,36500,0,35,29,5,0
1,37500,0,35,29,5,0
1,39000,0,35,29,5,0
1,42000,0,103,29,6,0
1,36500,0,35,29,5,0
1,39000,0,45,25,5,0
1,36500,0,35,29,5,0
1,45000,0,103,29,6,0
0,12000,10,16,12,5,0
0,12000,10,18,12,5,0
1,21000,0,50,22,5,0
1,17700,0,35,35,2,0
1,17700,0,35,35,2,0
0,12000,64,25,25,5,0
0,12000,64,31,25,5,0
1,12000,0,23,17,5,0
1,34000,0,36,29,5,0
1,43000,0,59,29,5,0
1,29000,0,50,46,5,0
1,32000,0,32,25,6,0
1,42000,0,59,29,5,0
1,17700,0,35,35,2,1
1,24000,0,33,29,5,0
0,12000,64,31,25,5,0
1,17700,0,35,35,2,1
1,24000,0,23,16,6,0
1,14500,0,15,15,5,0
1,42000,0,42,29,6,0
1,42000,0,34,29,5,1
1,21000,0,24,20,5,0
1,15000,0,20,15,5,0
0,12000,10,18,12,4,0
1,43000,0,42,29,6,0
1,32000,0,42,25,6,0
0,1500,70,33,28,2,0
1,42000,0,38,29,5,0
0,0,50,19,15,3,1
1,42000,0,37,29,6,0
0,12000,10,18,12,4,0
1,32000,0,25,18,5,1
1,16000,0,56,41,3,0
1,42000,0,35,28,5,1
1,36500,0,47,29,5,0
1,42000,0,49,29,6,0
1,36000,0,35,29,5,0
1,42000,0,40,29,5,1
0,15000,40,71,23,3,0
1,34000,0,36,29,5,0
1,35000,0,32,25,5,0
1,17700,0,35,35,2,0
1,13500,0,20,15,5,0
1,43000,0,34,28,5,0
1,26000,0,35,31,3,1
1,45000,0,36,29,5,0
1,35000,0,32,25,5,0
1,37000,0,35,29,5,1
0,12000,60,32,26,6,1
1,36500,0,59,29,5,0
1,16500,0,23,19,5,1
1,36500,0,59,29,5,0
1,42000,0,34,29,5,0
1,42000,0,59,28,5,0
1,38000,0,59,27,6,0
1,32000,0,39,18,5,0
1,35000,0,40,35,7,0
1,45000,0,36,29,5,0
1,30000,0,36,36,4,1
1,36500,0,40,29,5,0
1,25000,0,45,40,5,0
1,22000,0,36,32,4,0
1,37000,0,35,29,5,0
1,32000,0,42,25,6,0
1,36500,0,35,29,5,1
1,23000,0,62,47,3,1
1,25000,0,33,29,5,1
1,43000,0,37,28,5,0
1,36500,0,45,29,5,0
1,17000,0,41,30,2,0
1,38000,0,59,27,6,0
1,12000,0,34,33,2,1
1,28000,0,26,23,5,0
1,30000,0,49,29,6,0
1,39500,0,35,29,5,0
1,32000,0,32,25,6,0
1,32000,0,25,18,5,1
0,12000,55,49,24,5,0
1,36000,0,34,27,5,1
1,37500,0,35,29,5,0
1,39000,0,35,29,5,0
1,21000,0,41,36,3,0
1,19900,0,35,35,2,1
1,42000,0,35,28,5,1
1,32000,0,32,25,6,0
1,37500,0,35,29,5,1
1,31000,0,36,36,4,1
1,36500,0,47,29,5,0
1,35000,0,33,27,5,1
1,19900,0,35,35,2,1
1,37500,0,45,29,5,0
1,25000,0,33,29,5,0
1,45000,0,37,29,6,0
1,37000,0,35,29,5,0
1,32000,0,40,25,6,0
1,32000,0,32,25,6,0
1,39000,0,43,27,6,0
1,36000,0,34,27,5,0
1,16500,0,23,19,5,0
1,42000,0,42,29,6,0
1,42000,0,40,29,5,1
1,35000,0,33,27,5,0
1,21000,0,25,22,5,0
1,32000,0,40,25,6,0
1,36500,0,34,29,5,0
1,38000,0,35,27,6,0
1,36000,0,59,27,5,0
1,43000,0,34,29,5,0
1,24000,0,29,29,5,0
1,20000,0,41,40,4,0
1,32000,0,31,22,6,0
1,45000,0,37,29,6,0
1,32000,0,32,25,6,0
1,36500,0,35,29,5,0
1,36500,0,35,29,5,0
1,20000,0,15,12,5,0
1,16000,0,34,26,4,1
0,15000,50,15,12,5,0
1,19900,0,35,35,2,1
1,42000,0,37,29,6,1
1,37000,0,35,29,5,0
1,36500,0,35,29,5,0
1,35000,0,35,29,5,1
1,29000,0,52,46,5,0
1,37000,0,29,29,5,0
1,36500,0,29,29,5,0
1,37000,0,35,29,5,0
1,26000,0,40,40,5,0
1,23000,0,41,41,3,0
1,36500,0,35,29,5,0
0,15000,50,50,12,5,0
0,15000,20,39,29,5,0
1,39000,0,59,27,6,0
1,32000,0,39,25,6,0
1,29000,0,52,46,5,0
1,29000,0,52,46,5,0
1,38000,0,35,27,6,0
1,42000,0,37,29,6,0
1,32000,0,32,25,6,0
1,39000,0,29,27,6,0
1,42000,0,30,29,6,0
1,29000,0,52,46,5,0
1,32000,0,22,18,5,1
1,45000,0,30,29,6,0
1,29000,0,52,46,5,0
1,43000,0,42,29,6,0
1,39000,0,35,27,6,0
1,36500,0,35,29,5,1
1,43000,0,34,29,5,0
1,43000,0,34,29,5,0
1,43000,0,42,29,6,0
1,36500,0,35,29,5,0
1,43000,0,34,29,5,0
0,1000,85,15,15,4,1
1,43000,0,40,29,5,0
1,43000,0,39,29,5,0
1,29000,0,52,46,5,0
1,17700,0,35,35,2,1
1,19000,0,23,16,6,1
0,13000,20,40,40,4,1
1,35000,0,40,35,7,0
1,26000,0,34,29,5,0
1,35000,0,40,35,7,0
1,20000,0,47,40,5,0
1,17000,0,21,18,8,0
1,25000,0,36,29,7,0
1,25000,0,36,29,7,0
1,23000,0,39,39,3,1
1,25000,0,45,27,8,0
1,23000,0,39,39,3,0
1,27560,0,45,22,8,0
1,16000,0,23,20,5,0
1,27560,0,40,22,8,0
1,23500,0,25,16,10,0
1,27300,0,36,22,8,0
1,31800,0,39,27,10,0
0,18000,20,25,16,10,0
1,27560,0,30,22,8,0
1,27560,0,33,22,8,0
1,50000,0,58,40,16,0
0,1000,60,44,22,7,0
1,24000,0,32,20,7,1
1,18000,0,68,26,4,0
0,18000,20,32,20,7,1
1,15000,0,35,26,4,0
1,32000,0,39,27,10,1
0,1000,50,23,19,8,1
1,12000,0,30,22,7,1
0,20000,25,45,27,8,0
1,19000,0,44,44,5,0
1,18900,0,32,15,9,0
1,37500,0,43,29,14,0
1,31800,0,39,27,10,1
1,28000,0,37,29,6,1
1,27300,0,36,27,12,1
1,29500,0,49,49,3,0
1,19000,0,44,44,5,0
1,23500,0,28,17,7,0
0,16000,20,44,44,5,0
1,27000,0,35,24,10,1
1,27000,0,35,24,10,1
0,5000,35,30,20,8,0
0,25000,42,42,36,13,0
1,27300,0,35,24,10,0
0,1000,45,23,19,8,1
1,25000,0,39,33,8,1
1,27000,0,35,24,10,1
0,20000,25,52,29,8,0
1,25000,0,78,39,8,0
1,38500,0,43,29,13,1
0,0,25,18,18,4,1
0,6000,79,35,24,10,0
0,25000,44,42,29,14,1
1,23500,0,28,17,7,0
1,29500,0,36,22,8,0
1,20000,0,47,40,5,0
0,25000,44,36,29,14,0
0,18000,20,28,17,7,1
0,5000,35,138,19,8,0
0,18000,20,27,16,10,0
0,25000,44,44,29,14,0
1,25000,0,40,37,7,1
0,20000,25,40,37,7,1
1,26000,0,40,36,8,0
0,4000,40,21,16,8,0
0,0,30,13,13,4,0
1,25000,0,66,33,8,0
0,9000,20,33,33,4,0
0,9000,20,33,16,4,0
0,18000,20,47,40,5,0
1,23000,0,39,39,3,1
0,0,41,33,18,4,0
1,29190,0,35,24,10,0
0,24000,5,45,27,8,0
1,25000,0,76,43,8,0
0,9000,25,36,36,4,0
1,27300,0,35,24,10,0
0,0,40,84,23,4,1
1,35400,0,35,29,6,1
1,23000,0,39,36,3,0
1,29400,0,35,24,10,0
1,28500,0,35,24,10,0
1,37500,0,43,29,14,0
1,37500,0,43,29,14,0
0,2000,100,28,17,7,0
0,2000,120,35,24,10,0
1,20000,0,32,18,6,0
1,28500,0,39,27,10,0
0,20000,20,42,29,7,0
1,12000,0,23,19,7,1
1,25000,0,29,29,8,0
1,29000,0,35,24,10,0
1,12000,0,21,19,7,1
1,12000,0,23,21,7,1
1,37500,0,43,29,14,0
1,12000,0,23,19,7,1
1,29300,0,35,24,10,0
0,25000,44,43,29,14,0
0,10000,75,40,35,8,0
0,10000,75,40,35,8,0
1,27000,0,35,24,10,1
1,25000,0,39,33,8,1
1,37500,0,43,29,14,0
1,12000,0,23,22,7,0
0,10000,75,45,32,8,0
0,0,47,16,13,7,0
1,25000,0,36,29,7,0
0,0,43,39,19,4,0
1,29400,0,35,24,10,0
0,25000,44,43,29,14,0
0,0,40,33,16,3,0
1,28550,0,34,29,7,1
0,25000,43,43,29,14,0
1,28000,0,34,29,7,1
0,1000,55,33,17,6,0
0,1000,50,12,12,3,0
1,29400,0,35,24,10,0
0,1000,70,60,30,7,1
1,19000,0,44,44,5,0
0,25000,44,42,29,14,0
0,16000,20,44,44,5,0
0,5000,35,20,16,8,0
0,25000,48,43,29,14,1
1,30000,0,39,27,10,0
1,26000,0,137,34,8,0
0,1000,55,42,21,7,0
0,25500,46,42,29,14,1
0,25000,47,43,29,14,1
1,28800,0,36,26,10,0
0,5000,35,25,19,8,0
1,29000,0,35,24,10,0
0,20000,25,49,39,8,0
1,37500,0,36,29,14,0
0,0,43,32,18,4,0
1,28000,0,55,47,3,1
0,25000,44,42,29,13,0
1,37500,0,43,29,14,0
1,37500,0,36,29,14,0
0,1000,45,13,13,2,1
0,0,40,6,6,4,0
0,5000,35,39,19,8,0
0,1000,55,39,19,7,0
1,37500,0,42,29,13,0
1,25000,0,45,45,4,1
1,12000,0,23,19,7,1
0,5000,35,21,16,8,0
1,29500,0,31,27,7,0
1,22500,0,26,16,10,1
1,37500,0,42,29,14,0
0,24000,5,45,27,8,0
0,10000,75,40,30,8,0
0,10000,75,40,30,8,0
0,24000,5,45,27,8,0
1,25000,0,42,29,8,0
1,25000,0,42,29,8,0
1,31000,0,36,28,7,0
0,5000,35,35,25,8,0
0,20000,55,43,29,14,1
1,38500,0,43,29,14,0
0,25000,44,43,29,14,1
1,31200,0,42,29,6,0
1,29500,0,42,29,6,0
1,6500,0,46,15,4,0
1,37500,0,43,29,14,0
1,28500,0,49,41,3,0
1,31000,0,35,24,10,0
0,26500,42,43,29,14,1
0,25500,42,43,29,14,0
1,37500,0,43,29,14,1
1,29190,0,35,24,10,0
0,25500,42,42,29,13,0
0,25000,47,42,29,14,1
1,38500,0,43,29,13,1
1,25000,0,42,29,8,0
0,0,50,17,15,5,0
0,25000,43,43,29,14,1
1,38500,0,43,29,14,1
0,0,65,31,31,4,0
0,25000,44,43,29,14,0
1,25000,0,49,33,8,0
0,0,40,20,16,4,0
1,38500,0,43,29,14,1
0,0,30,18,18,4,1
1,37500,0,43,29,14,0
0,0,30,18,18,4,1
0,30000,26,43,29,14,0
1,20000,0,44,44,5,0
0,20000,20,42,29,8,0
0,1000,100,28,17,7,0
0,20000,20,42,29,8,0
1,37500,0,43,29,14,1
1,38500,0,43,29,14,1
1,37500,0,43,29,14,1
1,28400,0,39,27,10,0
1,55000,0,57,38,19,0
0,5000,35,40,20,8,0
0,25000,47,43,29,14,1
0,20000,20,42,29,8,0
0,25000,44,43,29,14,0
1,38500,0,43,29,14,1
0,0,40,15,15,4,0
0,0,53,27,27,3,0
1,35000,0,83,46,14,0
0,25000,43,43,29,14,1
1,30000,0,37,29,6,0
1,38500,0,43,29,14,1
0,25000,44,43,29,14,1
1,29000,0,35,24,10,1
0,25000,44,43,29,14,0
1,27000,0,35,24,10,1
1,12000,0,30,22,7,0
1,25000,0,26,26,6,1
1,23000,0,40,40,3,0
1,28500,0,35,24,10,0
0,0,53,33,29,3,0
1,50000,0,58,40,16,0
0,1000,50,21,20,8,0
1,50000,0,58,40,16,0
1,33900,0,45,28,7,0
1,27000,0,51,31,7,0
1,33900,0,40,25,7,0
1,34200,0,33,25,5,0
1,27000,0,51,31,7,0
0,1000,70,23,16,7,0
1,31000,0,35,29,6,0
0,5000,110,40,29,6,0
0,1000,70,23,16,7,0
0,1000,70,23,16,7,0
0,2000,125,37,29,6,0
0,1000,70,20,20,7,0
0,5000,110,35,29,6,0
1,26000,0,30,28,6,0
0,1000,65,49,37,5,0
1,29000,0,48,34,9,0
1,13300,0,25,16,5,1
0,28500,10,40,29,5,0
0,5000,110,37,29,6,0
0,3000,120,37,29,6,0
1,26700,0,30,29,12,0
0,1000,65,52,31,7,0
1,14000,0,52,31,7,0
0,1000,50,25,19,9,1
1,28350,0,45,27,7,0
1,33075,0,37,28,7,0
1,26700,0,41,29,8,0
1,28350,0,40,27,7,0
1,33900,0,37,28,7,0
1,28350,0,30,27,9,0
1,28350,0,30,27,9,0
1,30000,0,35,29,6,0
0,1000,70,44,23,15,1
1,34000,0,33,25,7,0
1,30000,0,35,29,6,0
1,27800,0,59,31,11,0
1,34200,0,45,24,7,0
0,1000,70,39,19,7,0
1,31500,0,73,44,7,0
0,1000,70,46,23,7,0
1,33900,0,33,25,7,0
1,29800,0,39,28,6,0
0,1000,70,19,16,7,0
0,1000,70,43,22,7,0
0,1000,45,19,16,5,0
0,2000,95,30,17,7,0
1,27800,0,49,31,9,0
1,32000,0,47,29,6,0
0,0,52,19,12,6,0
1,34200,0,33,25,7,0
0,0,52,19,12,6,0
1,28500,0,30,29,6,0
0,1000,65,48,37,5,0
0,3000,110,45,26,7,0
1,33075,0,40,29,7,0
0,5000,130,30,27,7,0
1,32000,0,39,29,6,0
0,1000,45,23,19,5,0
0,10000,80,24,16,7,0
1,13300,0,25,16,5,0
1,32000,0,47,29,6,0
1,32000,0,30,29,6,0
0,3000,120,41,33,6,0
1,32000,0,136,29,6,0
1,34200,0,33,25,7,0
1,32000,0,29,29,5,0
1,28500,0,38,29,7,1
1,28500,0,38,29,6,0
1,27000,0,71,37,15,0
1,32000,0,30,29,6,0
1,32000,0,47,29,6,0
1,28500,0,38,29,6,0
1,28500,0,40,29,5,0
1,28350,0,37,27,7,0
1,28000,0,30,28,6,1
0,3000,130,41,33,6,0
1,28350,0,37,27,7,0
1,30000,0,40,29,7,1
1,28350,0,37,27,7,0
1,34200,0,37,28,5,0
0,5000,110,41,33,6,0
0,1500,60,49,37,5,1
0,1000,65,49,37,5,1
1,28500,0,38,29,6,0
1,28500,0,40,28,6,0
1,29400,0,40,29,6,0
1,28350,0,37,27,7,0
1,28500,0,38,29,6,0
0,2000,45,37,25,9,1
1,32000,0,46,29,6,1
1,30000,0,35,29,6,0
1,30000,0,41026,26,7,0
1,10000,0,18,13,5,0
1,31000,0,35,29,6,0
0,1000,50,30,21,9,1
0,0,48,66,26,2,0
1,26700,0,41,29,8,0
0,1000,50,42,21,9,0
1,33500,0,40,29,6,1
1,33500,0,37,29,6,1
1,26700,0,40,29,12,0
0,1000,50,25,19,5,0
1,34200,0,37,28,7,0
1,30000,0,40,29,7,1
0,3000,120,37,29,6,0
1,28350,0,37,27,7,1
0,3000,130,41,33,6,1
0,3000,120,41,33,6,1
0,1000,50,25,19,5,0
1,33075,0,40,29,7,0
0,15000,35,49,37,5,1
0,1000,45,41,34,2,0
0,10000,80,24,16,7,0
1,30000,0,39,25,7,0
1,13000,0,50,13,5,0
1,33075,0,40,29,7,0
1,33075,0,40,29,7,1
0,2000,40,25,19,5,0
1,30000,0,50,36,5,0
1,28000,0,30,28,6,0
0,28500,10,38,29,6,0
1,7000,0,16,16,9,0
0,1000,50,25,19,5,1
1,30000,0,40,29,7,0
1,30000,0,35,29,6,0
1,33075,0,40,29,8,0
0,1000,50,25,19,5,1
1,34200,0,33,25,7,0
1,7000,0,16,16,9,0
1,32200,0,29,29,7,0
1,30000,0,30,29,6,0
1,28000,0,51,31,7,0
1,30000,0,35,29,6,0
0,28500,10,38,29,6,1
1,29500,0,45,26,9,0
1,21000,0,39,21,8,1
0,5000,110,41,33,6,0
0,5000,25,21,15,5,0
1,34000,0,36,26,7,0
1,29000,0,45,34,9,0
1,29700,0,30,24,9,0
0,28500,10,38,29,6,0
0,5000,20,21,15,5,0
1,31000,0,40,28,6,0
1,27300,0,38,29,6,1
1,34500,0,33,25,7,0
1,28500,0,38,29,6,0
0,5000,110,40,33,6,0
0,5000,110,48,33,6,0
1,28000,0,51,31,7,0
1,34200,0,45,28,7,0
0,2000,45,43,23,9,0
0,5000,110,40,33,6,0
0,28500,10,38,29,6,0
0,28500,10,38,29,6,0
1,30000,0,30,27,7,0
0,28500,10,38,29,6,0
0,5000,25,21,15,5,0
1,27000,0,36,28,6,0
1,27000,0,71,37,15,0
0,1000,45,19,16,5,0
1,33000,0,36,26,7,0
0,10000,85,24,16,7,1
1,23500,0,41,29,6,0
1,27000,0,71,37,15,0
0,1000,45,19,16,5,0
1,30000,0,35,29,6,0
0,0,45,23,18,7,0
1,27000,0,71,37,15,0
0,6000,25,19,13,5,0
0,6000,25,13,13,6,0
1,12000,0,18,13,5,0
1,28000,0,41,26,7,1
1,26700,0,40,29,12,0
0,10000,85,24,16,7,1
1,30000,0,35,29,6,0
1,30000,0,35,29,6,1
1,33900,0,33,25,7,0
1,29300,0,40,28,6,0
1,30000,0,40,27,7,0
1,30000,0,35,29,6,0
0,0,45,16,16,3,1
0,0,50,16,16,3,1
0,0,48,16,16,3,1
1,31700,0,40,29,7,0
1,30000,0,38,29,6,0
0,1000,40,20,20,1,0
0,5000,20,21,15,5,0
1,31000,0,35,29,6,1
1,32000,0,35,29,7,1
1,34200,0,33,25,7,0
1,10000,0,18,13,5,0
1,12000,0,18,13,5,0
1,12000,0,18,13,5,0
1,12000,0,18,13,5,0
0,10000,80,51,31,7,0
1,27000,0,40,29,6,0
1,27300,0,35,29,6,1
1,27300,0,35,29,6,1
0,2000,45,39,19,9,0
1,27000,0,30,25,6,0
0,15000,35,24,18,5,1
1,12000,0,18,13,5,0
1,29000,0,30,28,6,1
0,0,45,124,15,7,0
0,15000,35,49,37,5,0
1,34000,0,40,28,7,0
1,22000,0,49,37,5,0
1,30000,0,40,29,7,1
1,22000,0,49,37,5,0
0,6000,25,20,13,5,0
0,1000,52,21,16,5,0
1,34200,0,46,28,7,0
1,30000,0,30,29,7,0
0,0,50,39,19,8,0
1,30000,0,38,29,6,0
1,33075,0,40,29,7,1
0,8000,30,36,35,4,1
0,6000,25,20,13,5,0
0,0,45,25,20,9,1
0,6000,25,20,13,5,0
1,26000,0,40,28,6,0
1,34200,0,45,28,7,0
0,5000,20,21,15,5,0
0,0,70,45,37,4,0
0,2000,95,20,17,7,0
0,2000,95,20,17,7,0
1,27000,0,71,37,15,0
1,27000,0,50,48,2,0
0,3000,66,33,29,5,0
1,27000,0,71,37,15,0
1,31000,0,44,29,6,1
0,2000,95,20,17,7,0
0,2000,95,20,17,7,0
1,27000,0,40,26,6,1
0,3000,66,33,29,5,0
0,2000,95,20,17,7,1
0,5000,110,41,33,6,1
0,5000,110,41,33,6,0
0,5000,110,41,33,6,0
0,5000,120,41,33,5,0
1,34000,0,30,25,7,1
1,20000,0,39,39,2,1
1,30000,0,34,26,9,1
1,35000,0,33,25,7,0
0,0,70,40,35,4,0
1,34000,0,45,25,7,0
0,3000,40,26,23,9,0
1,33750,0,45,25,7,0
1,33075,0,40,29,7,0
1,28000,0,36,29,7,1
1,28000,0,40,29,6,0
1,27000,0,40,29,6,0
1,28500,0,47,34,9,0
0,3000,32,17,16,8,0
1,26500,0,40,25,6,0
1,29700,0,40,29,6,0
0,1000,70,39,29,5,0
1,32200,0,49,36,2,0
0,1000,70,39,29,5,0
1,34200,0,33,25,7,0
0,10000,85,52,32,7,1
1,27000,0,40,29,6,0
1,27800,0,42,31,12,1
0,6000,25,20,13,5,0
1,12000,0,18,13,5,1
0,1000,65,52,31,7,0
1,28350,0,37,27,7,1
0,5000,110,41,33,6,1
1,13000,0,19,16,5,1
0,5000,20,21,15,5,1
1,28500,0,38,29,6,0
1,17500,0,22,12,11,0
0,10000,40,21,14,11,1
1,15000,0,25,14,11,1
0,10000,30,22,12,11,0
1,27000,0,30,21,11,0
1,27000,0,30,21,11,0
0,10000,30,25,14,11,0
0,10000,40,25,14,11,0
1,13650,0,31,17,10,0
1,21500,0,26,17,12,0
0,7000,70,34,26,17,0
1,17000,0,22,12,11,0
1,15750,0,31,17,8,1
0,10000,30,22,12,11,0
1,15750,0,31,17,8,1
1,28000,0,34,26,17,0
1,28000,0,84,40,17,0
0,14100,7,22,18,10,1
1,35000,0,46,30,9,0
0,14100,7,31,22,10,1
0,14100,7,31,22,10,1
1,17000,0,22,12,11,1
0,20000,4,40,25,14,0
1,27560,0,35,22,12,0
1,13650,0,33,23,10,0
0,12000,35,25,14,11,1
1,13650,0,31,17,8,0
1,15750,0,29,17,10,0
1,28000,0,45,28,10,0
1,35900,0,34,22,13,0
0,13000,20,22,12,11,1
0,12000,30,37,29,9,0
1,28000,0,45,28,10,0
0,10000,30,37,37,4,0
0,10000,30,22,12,11,0
1,23500,0,28,17,12,0
1,25000,0,43,23,14,1
0,10000,45,44,25,14,0
1,22000,0,40,25,14,0
1,21000,0,44,25,14,0
1,22000,0,36,22,14,0
0,14275,8,31,17,10,1
1,25000,0,34,26,17,0
1,15750,0,31,17,10,1
0,10000,45,22,12,11,0
1,25000,0,43,23,14,0
0,12000,30,38,29,8,0
1,13650,0,31,17,10,0
1,34900,0,29,29,13,0
0,22000,10,40,25,14,0
0,7000,90,34,26,17,0
1,13650,0,31,17,10,1
0,10000,30,22,12,11,1
1,23000,0,40,25,14,0
1,35000,0,59,36,8,0
0,12000,30,38,29,8,0
1,15750,0,31,17,10,0
0,13000,20,22,12,11,0
0,13000,15,22,12,11,0
1,15750,0,31,17,10,0
0,14000,10,22,12,11,0
1,27560,0,36,22,8,0
1,25000,0,34,26,17,0
1,23000,0,40,25,14,0
1,16000,0,29,23,9,1
1,15000,0,29,23,9,0
1,23000,0,43,23,14,0
1,31200,0,47,29,14,0
0,3000,45,23,16,14,0
0,20000,35,34,24,19,0
1,28000,0,36,22,8,0
1,15750,0,28,4,10,1
1,27000,0,35,21,11,0
1,16000,0,29,23,9,0
0,5000,110,34,24,19,0
1,33900,0,44,29,9,1
0,7000,90,34,26,17,1
0,15000,10,12,12,11,0
0,10000,35,12,12,11,0
0,13000,20,12,12,11,0
0,10000,40,27,27,7,0
1,16000,0,29,23,9,1
0,3000,100,34,26,17,0
0,5000,120,40,34,10,1
0,20000,20,34,24,19,0
0,15000,60,36,26,19,0
1,27000,0,40,26,9,1
0,15000,60,34,26,17,0
1,15750,0,28,4,10,1
0,7000,90,36,26,19,0
1,27000,0,35,21,11,0
1,15750,0,28,17,10,0
0,1000,65,19,18,5,0
0,20000,35,34,24,19,0
1,17000,0,22,12,11,0
1,23200,0,36,26,8,0
1,35000,0,40,29,13,0
1,25000,0,30,17,12,0
0,3000,110,46,24,17,0
1,28000,0,44,28,13,0
1,30000,0,48,36,9,0
1,28000,0,45,28,10,0
0,5000,100,34,24,17,0
0,15000,60,34,26,17,0
1,39900,0,37,26,9,1
0,3000,110,36,26,19,0
1,17000,0,25,14,11,0
0,7000,90,34,26,17,0
0,1000,65,23,17,5,0
0,10000,35,22,12,11,0
1,21000,0,40,25,14,1
1,13650,0,31,17,7,0
1,39900,0,37,26,9,0
1,30000,0,47,36,10,0
1,25000,0,34,26,17,0
1,15750,0,31,17,7,0
1,25000,0,34,26,17,0
0,10000,35,22,12,11,0
1,23000,0,40,25,14,0
1,35900,0,34,22,13,0
0,10000,25,33,18,10,1
1,33900,0,40,29,13,0
1,13000,0,26,16,9,0
0,22000,10,40,25,14,0
0,1000,70,31,25,9,0
0,5000,24,19,18,9,0
0,12000,30,38,29,8,0
1,25000,0,34,26,17,0
0,5000,100,34,26,17,0
1,25000,0,34,26,17,0
0,15000,10,22,12,11,0
0,16000,15,25,14,11,0
1,27500,0,51,34,7,0
0,1000,55,40,26,10,0
1,15750,0,31,17,7,0
0,3000,110,34,24,19,0
1,15750,0,35,17,10,0
1,21840,0,40,25,14,0
1,26000,0,45,37,9,0
1,28500,0,31,25,10,0
0,3000,110,34,24,19,0
1,6500,0,19,19,7,0
1,23000,0,43,23,14,0
1,28000,0,36,26,19,0
1,26200,0,40,28,10,0
0,12000,30,37,29,9,0
1,22000,0,46,18,28,0
1,34000,0,44,29,9,0
1,25000,0,34,26,17,0
1,33900,0,44,29,13,0
1,22000,0,46,18,28,1
1,28000,0,63,42,8,0
1,21000,0,46,18,28,1
0,10000,45,25,14,11,1
1,42500,0,45,29,10,1
0,10000,35,22,12,11,0
0,10000,35,22,12,11,0
1,26000,0,34,24,19,0
1,17000,0,24,24,8,0
1,21500,0,26,17,9,0
0,20000,35,34,26,17,0
0,1000,80,21,17,12,0
1,27000,0,33,23,19,0
1,39000,0,52,36,9,1
1,28500,0,34,24,19,0
1,28500,0,34,24,19,0
0,10000,30,22,12,11,0
1,17000,0,24,20,8,0
0,5000,100,34,26,17,0
1,14000,0,24,20,8,0
1,29000,0,62,38,5,0
1,21000,0,43,23,14,1
1,13000,0,26,16,9,0
1,16000,0,22,12,11,1
1,27000,0,35,21,11,0
0,5000,110,34,24,19,0
0,1500,98,58,24,17,0
0,10000,30,37,37,4,0
0,1500,98,58,24,17,0
1,25000,0,33,23,19,0
0,1500,98,38,24,17,0
1,27000,0,33,23,19,1
0,7000,90,34,26,17,0
1,28000,0,51,34,7,0
1,21000,0,44,25,14,0
1,25000,0,34,26,17,0
0,15000,60,34,26,17,0
1,21000,0,48,19,28,0
1,22000,0,40,25,14,0
0,5000,110,34,26,17,0
1,21000,0,46,18,28,1
1,18000,0,22,12,11,1
1,25000,0,34,26,17,0
1,26000,0,51,34,7,1
1,27500,0,40,34,10,0
1,7000,0,19,18,9,0
0,5000,24,19,18,9,0
1,23000,0,43,23,14,0
1,27000,0,34,24,19,0
0,5000,100,34,26,17,0
1,33500,0,45,29,13,0
0,10000,45,44,25,14,0
1,21000,0,44,25,14,0
0,15000,60,34,26,17,1
0,5000,110,34,26,17,1
1,30000,0,59,36,8,0
0,10000,35,22,12,11,0
0,12000,25,12,12,11,0
1,26000,0,32,23,19,0
0,10000,70,33,23,19,0
1,25000,0,33,23,19,0
1,26000,0,33,24,19,1
0,3000,110,32,24,19,0
0,17000,40,33,24,19,0
0,12000,30,25,14,11,0
0,5000,100,34,26,17,0
0,12000,20,25,14,11,0
1,25000,0,34,26,17,0
0,12000,30,37,29,9,0
0,1000,35,26,20,8,0
0,5000,100,33,23,19,1
0,3000,95,34,24,17,0
1,24500,0,34,24,17,0
0,5000,100,34,26,17,0
1,30000,0,50,49,9,0
0,12000,30,38,29,8,0
1,27000,0,34,26,17,0
1,29000,0,34,26,19,0
1,28000,0,33,24,19,0
1,18000,0,25,14,11,0
1,25500,0,33,23,17,0
1,17000,0,29,23,8,0
0,13000,30,25,14,11,0
1,16000,0,22,12,11,1
1,14000,0,29,23,8,0
0,1000,50,19,16,9,0
1,21500,0,26,17,12,0
0,17000,10,25,14,11,1
0,5000,100,36,26,19,0
1,28000,0,33,23,19,0
1,14000,0,26,26,8,0
1,28000,0,36,26,19,0
1,27500,0,51,34,7,1
1,23000,0,43,23,14,0
1,18000,0,22,12,11,0
1,38000,0,52,36,5,0
1,27000,0,35,21,11,0
1,24000,0,28,17,12,0
1,21000,0,48,19,28,0
0,13000,15,25,14,11,0
1,19000,0,22,12,11,1
1,21000,0,48,19,28,0
0,13000,30,25,14,11,1
0,10000,45,25,14,11,1
0,7000,8,21,21,9,0
1,29000,0,34,26,17,1
0,22000,10,40,25,14,0
1,23000,0,43,23,14,0
1,21000,0,46,18,28,1
1,35900,0,22,22,13,0
0,12000,30,37,29,9,0
0,5000,100,34,26,17,0
1,25000,0,34,26,17,0
0,12000,30,37,29,9,0
1,21000,0,48,19,28,0
1,21500,0,25,17,12,0
0,12000,30,33,26,8,1
1,28300,0,45,37,9,0
1,30000,0,34,26,17,0
1,23500,0,28,17,12,0
1,23000,0,43,23,14,0
1,29500,0,39,25,13,0
0,20000,20,40,30,19,0
1,29000,0,39,25,13,1
1,25000,0,34,26,17,0
1,25000,0,34,26,17,0
1,21500,0,23,17,12,1
1,22000,0,39,25,14,0
1,35000,0,33,22,13,1
1,27000,0,34,26,17,0
1,26000,0,45,37,6,0
1,27000,0,35,21,11,0
0,1500,98,38,24,17,0
0,1500,98,38,24,17,0
0,11000,35,30,29,6,0
1,24000,0,34,26,17,1
1,25000,0,34,26,17,1
1,28000,0,36,22,8,0
1,28200,0,31,21,9,0
0,11000,40,25,14,11,1
1,28500,0,34,24,19,0
0,5000,100,34,26,17,0
0,15000,45,40,26,10,0
1,27000,0,34,26,17,0
0,3000,100,34,26,17,1
1,22000,0,40,25,14,0
0,17000,40,34,26,17,1
1,25000,0,34,26,17,0
0,5000,100,34,26,17,0
0,10000,30,22,12,11,0
1,26000,0,49,37,6,0
1,21000,0,36,18,28,1
0,10000,45,25,14,11,0
0,12000,30,38,29,8,0
1,26000,0,49,24,19,0
1,33900,0,44,29,9,0
1,29000,0,48,28,9,0
1,9000,0,28,17,8,0
1,28000,0,53,34,10,0
1,19000,0,25,14,11,0
0,5000,100,34,26,17,0
1,25000,0,34,26,17,0
1,19000,0,25,14,11,0
0,11000,35,38,29,8,0
0,5000,100,34,26,17,0
0,12000,30,38,29,8,0
1,27500,0,35,22,12,0
1,25560,0,33,24,19,0
1,29000,0,47,29,9,0
1,16000,0,22,12,11,1
1,22000,0,33,25,14,1
1,28300,0,45,36,9,0
1,27000,0,53,40,6,0
1,22000,0,26,18,28,0
1,23600,0,43,23,14,0
1,27000,0,49,26,19,0
1,26500,0,49,23,19,0
0,5000,24,6,6,4,0
1,19000,0,25,14,11,0
1,19000,0,25,14,11,0
1,24000,0,40,30,19,1
0,10000,45,25,14,11,0
1,27000,0,35,21,11,0
1,19000,0,25,14,11,0
0,11000,25,22,12,11,0
1,28000,0,44,28,13,0
1,25200,0,46,42,17,1
0,3000,100,33,24,19,0
1,24000,0,30,25,9,0
1,28500,0,45,21,12,0
1,21500,0,26,17,9,0
0,3000,100,33,24,19,0
0,12000,30,38,29,8,0
1,15750,0,31,17,10,0
1,21800,0,43,23,14,0
0,10000,35,22,12,11,0
1,13000,0,26,16,9,0
0,15000,55,31,23,19,0
1,21000,0,36,18,28,1
0,10000,70,31,23,19,0
1,21500,0,26,17,9,0
0,0,45,32,18,5,0
1,27500,0,31,23,19,0
1,28300,0,36,22,8,0
1,28000,0,34,26,17,0
0,3000,110,34,26,17,0
1,21200,0,29,19,10,0
0,3000,100,34,26,19,0
1,17000,0,24,22,8,0
1,30000,0,36,25,12,0
1,35900,0,34,22,13,0
0,10000,35,22,12,11,0
1,27000,0,34,26,19,0
0,12000,30,37,29,9,0
1,27500,0,45,34,10,0
0,3000,65,38,22,10,0
1,32000,0,36,24,10,0
1,21500,0,26,17,12,0
1,28800,0,35,22,12,0
0,1000,80,21,17,12,0
1,28000,0,34,26,17,0
0,20000,50,34,26,17,0
1,30000,0,34,26,17,0
1,32000,0,36,24,10,0
1,27000,0,62,38,5,1
0,10000,35,25,14,11,1
1,29000,0,34,26,17,0
1,30000,0,34,26,17,0
1,28000,0,34,26,17,0
1,28000,0,34,26,17,0
1,28000,0,33,24,19,0
1,28000,0,30,28,9,0
1,35900,0,46,30,13,0
1,28500,0,33,24,19,0
1,21500,0,26,17,12,0
1,21000,0,43,23,14,0
1,28000,0,34,26,17,0
0,3000,110,34,26,17,0
1,27850,0,51,34,7,0
1,22000,0,46,18,28,1
1,30000,0,47,29,14,0
0,3000,120,34,24,19,0
0,3000,120,34,24,19,0
1,26000,0,34,30,10,0
0,3000,120,34,24,19,0
0,12000,30,38,29,8,0
1,13000,0,36,16,9,0
1,27000,0,34,26,17,0
1,37800,0,48,33,5,0
1,28000,0,53,40,6,0
1,38800,0,52,36,5,0
1,28000,0,40,25,9,0
1,27000,0,35,23,9,0
1,35595,0,46,29,13,0
1,23000,0,25,17,12,0
1,27000,0,33,23,9,1
1,20000,0,40,25,6,0
1,16000,0,22,12,11,0
1,16000,0,23,14,11,1
1,28000,0,30,27,10,0
1,30000,0,42,25,12,0
1,13000,0,36,25,8,0
1,33900,0,44,29,9,0
1,19000,0,25,14,11,0
1,22000,0,48,19,28,0
1,21000,0,44,25,14,0
1,28000,0,23,23,19,0
1,13500,0,16,16,14,0
1,13650,0,16,16,14,0
1,40000,0,52,36,9,0
1,27000,0,35,21,11,0
0,5000,10,20,20,7,0
1,17000,0,36,25,8,0
1,32000,0,36,24,10,0
1,23000,0,25,17,12,0
1,21500,0,26,17,12,0
0,12000,30,38,29,8,1
1,16000,0,12,12,11,0
1,17000,0,22,12,11,0
1,16000,0,22,12,11,0
0,10000,35,25,14,11,0
1,25000,0,28,17,12,0
1,28000,0,53,40,6,0
1,27000,0,62,38,5,0
1,22000,0,46,18,28,1
0,1000,100,30,20,9,0
1,21800,0,44,25,14,0
1,23100,0,36,24,10,0
1,29000,0,47,29,14,0
0,0,40,25,20,4,0
1,26000,0,30,26,16,0
0,5000,100,30,26,16,0
1,39000,0,28,22,9,0
1,15000,0,23,23,6,0
1,25200,0,26,21,5,1
1,5000,0,15,13,3,0
0,1000,65,27,25,5,1
0,2000,70,47,35,5,1
0,0,50,19,18,4,0
0,0,40,18,15,4,0
1,25200,0,26,21,5,0
1,26800,0,30,22,5,0
1,40000,0,39,29,5,0
1,41000,0,39,29,5,0
1,40000,0,39,29,5,0
1,25200,0,26,21,5,1
1,25200,0,40,21,5,0
1,25200,0,26,21,5,1
1,23000,0,60,44,9,0
1,25200,0,26,21,5,0
1,25200,0,26,21,5,1
1,25200,0,26,21,5,1
0,10000,35,35,27,4,0
1,25200,0,26,21,5,1
1,37000,0,40,28,6,0
0,1000,55,19,14,5,0
1,40000,0,59,29,5,0
1,11000,0,50,19,3,0
0,0,35,50,16,2,0
1,37000,0,40,28,6,0
1,38000,0,32,23,6,0
0,0,50,20,18,4,0
1,20000,0,44,29,18,0
1,37000,0,40,28,6,0
0,0,45,20,18,2,0
0,0,65,19,18,5,0
1,18000,0,25,23,4,0
1,29000,0,53,34,9,0
1,40000,0,39,29,5,1
1,18000,0,29,23,4,0
1,15000,0,20,20,6,0
0,1000,75,34,28,2,1
1,15000,0,17,17,6,0
1,25200,0,26,21,5,1
1,4000,0,16,13,2,0
1,6000,0,23,19,2,0
1,25000,0,21,21,5,0
1,13000,0,50,19,4,0
1,4000,0,19,16,2,0
0,0,50,27,27,2,0
1,38000,0,39,29,5,0
0,2000,55,121,19,4,1
1,25000,0,26,21,5,0
0,0,35,19,16,4,0
1,37000,0,40,28,6,0
0,0,35,19,16,4,0
1,11000,0,20,20,4,1
1,16000,0,35,35,4,0
0,3000,100,126,43,4,1
0,5000,200,59,39,9,0
1,40000,0,136,42,4,0
1,7000,0,28,20,2,1
1,40000,0,31,29,5,0
1,8000,0,19,19,4,0
1,40000,0,39,29,5,0
1,40000,0,40,29,5,0
1,41000,0,42,29,5,0
1,49000,0,45,38,9,1
0,0,45,19,18,5,0
1,16000,0,42,36,4,0
0,0,45,19,18,5,0
1,30000,0,43,29,10,0
1,37000,0,40,28,6,1
1,26500,0,40,24,5,1
1,25200,0,26,21,5,1
1,40000,0,39,29,5,0
1,39000,0,32,23,6,1
0,1000,55,23,20,4,1
1,26000,0,40,22,5,0
0,1000,75,28,25,2,1
1,40000,0,39,29,5,0
1,25000,0,26,21,5,1
0,0,40,14,14,5,0
1,25200,0,40,21,5,0
0,9000,40,45,33,3,0
1,29000,0,59,34,9,0
0,0,35,19,16,3,0
0,0,35,63,16,2,0
1,25200,0,26,21,5,1
1,18000,0,22,20,4,1
1,25200,0,26,21,5,1
1,40000,0,46,29,5,0
0,10000,175,59,39,9,0
0,1000,60,19,19,4,0
1,37000,0,32,23,6,0
0,1000,60,25,20,5,0
1,41000,0,46,29,5,0
0,1000,45,33,27,2,0
1,40000,0,40,29,5,0
0,2000,75,40,24,2,1
1,25200,0,26,21,5,1
1,26500,0,26,21,5,1
1,42000,0,39,29,5,1
1,25200,0,30,24,5,0
1,13000,0,107,28,4,1
0,1000,80,21,21,2,1
1,15000,0,18,18,6,0
0,0,50,19,19,2,0
0,2000,70,40,28,2,0
0,1000,45,19,19,2,0
1,11000,0,109,19,3,0
1,37000,0,40,28,6,0
0,1000,80,21,21,2,1
1,39000,0,32,23,6,0
0,1000,65,23,18,5,0
0,0,40,18,15,3,0
1,13000,0,50,23,4,0
1,16000,0,50,19,6,0
1,14000,0,23,23,6,1
1,15000,0,50,19,6,0
0,9000,40,33,33,3,0
1,40000,0,39,29,5,0
1,12500,0,55,45,3,0
0,1000,45,59,16,2,0
1,25200,0,26,21,5,1
1,25200,0,26,21,5,1
1,31000,0,53,34,9,0
0,1000,105,46,36,3,0
1,8000,0,28,18,5,0
1,25000,0,26,21,5,1
1,25200,0,26,21,5,0
0,10000,50,42,36,4,1
1,13000,0,50,19,4,0
1,41000,0,39,29,5,1
1,12000,0,16,16,5,0
0,1000,42,13,13,4,0
1,25200,0,26,21,5,0
1,50000,0,59,39,9,0
0,5000,200,35,29,9,0
1,25200,0,26,21,5,1
1,16000,0,33,33,4,0
1,11000,0,22,22,4,0
1,50000,0,35,29,9,1
1,41000,0,59,29,5,0
1,40000,0,39,29,5,0
1,25000,0,26,21,5,0
0,1000,60,30,27,3,0
1,49000,0,58,38,9,0
1,40000,0,39,29,5,0
1,53000,0,41,29,9,0
1,40000,0,39,29,5,0
0,11000,38,49,39,4,1
1,15000,0,18,18,6,0
0,1000,50,30,30,5,0
1,15000,0,32,32,4,1
1,22000,0,43,40,3,0
1,11000,0,30,22,9,0
1,25200,0,26,21,5,1
0,3000,15,16,13,4,0
1,25000,0,82,39,3,0
0,0,48,20,19,3,0
1,25200,0,26,21,5,1
0,10000,45,47,32,4,1
1,3500,0,11,11,4,0
1,4500,0,14,14,4,1
0,10000,40,87,28,5,0
0,0,35,19,16,3,0
1,14000,0,50,23,3,0
1,41000,0,39,29,5,0
1,40000,0,42,29,5,0
1,25200,0,26,21,5,0
1,29000,0,59,34,9,0
1,14000,0,8,6,3,0
1,25200,0,26,21,5,1
0,3000,50,30,22,9,0
1,26000,0,43,37,5,0
0,1000,85,30,25,3,0
0,0,60,20,18,4,0
1,16000,0,50,19,6,0
1,29000,0,43,34,9,0
1,40000,0,39,29,5,1
1,40000,0,43,29,5,0
1,11000,0,30,22,9,0
1,16000,0,18,18,6,0
1,27800,0,26,21,5,1
1,29000,0,47,34,9,0
1,23000,0,52,49,3,0
1,29000,0,47,34,9,0
1,20000,0,44,29,18,0
1,15000,0,23,23,7,0
1,25000,0,26,21,5,1
1,12000,0,18,18,5,0
1,40000,0,39,29,5,0
1,16000,0,24,19,6,0
1,25200,0,26,21,5,1
0,10000,60,45,45,3,0
0,0,60,23,14,5,0
1,37000,0,40,28,6,0
1,25200,0,26,21,5,0
1,25000,0,26,21,5,1
1,40000,0,39,29,5,0
1,31000,0,35,29,9,0
0,3000,220,41,29,9,0
1,25200,0,21,21,5,0
1,26000,0,27,22,5,0
1,25200,0,21,21,5,1
1,25200,0,26,21,5,1
1,25200,0,38,21,5,1
1,25200,0,26,21,5,0
0,0,45,20,18,4,0
1,25200,0,26,21,5,1
1,41000,0,32,23,6,1
1,25000,0,31,25,5,0
1,25200,0,26,21,5,0
0,0,40,17,17,4,0
1,25200,0,26,21,5,1
0,0,35,55,12,5,0
1,29000,0,55,34,9,0
0,1000,55,23,20,5,0
0,5000,200,41,39,9,0
1,39000,0,59,23,6,0
1,25200,0,32,21,5,0
1,37000,0,59,28,6,0
1,55000,0,41,29,9,1
1,25200,0,26,21,5,1
1,40000,0,59,29,5,0
1,11000,0,22,22,4,1
0,3000,120,53,47,3,0
1,25000,0,31,25,5,0
1,49000,0,40,29,9,1
1,40000,0,39,29,5,0
1,40000,0,40,29,5,0
1,41000,0,40,29,5,0
1,25200,0,26,21,5,1
1,25200,0,21,21,5,0
1,26000,0,27,22,5,1
1,12000,0,20,19,4,0
1,39000,0,32,23,6,1
0,5000,200,59,39,9,1
1,37000,0,38,28,6,1
1,39000,0,35,23,6,1
0,0,40,50,16,3,0
1,49000,0,40,29,9,1
0,0,45,50,18,3,1
1,41000,0,32,23,6,1
1,40000,0,39,29,5,0
0,3000,220,41,29,9,0
0,0,40,50,16,3,0
0,3000,50,30,22,9,0
1,20000,0,52,25,12,0
1,39000,0,32,23,6,0
1,37000,0,32,23,6,0
0,5000,78,17,17,4,0
1,37000,0,40,28,6,0
0,1000,42,13,13,4,0
1,40000,0,49,29,5,0
1,40000,0,39,29,5,0
1,8000,0,50,19,4,0
1,25200,0,21,21,5,0
0,5000,200,50,29,9,0
1,42000,0,39,29,5,0
1,13000,0,50,19,4,1
0,5000,200,41,29,9,0
1,37000,0,32,23,6,0
1,18000,0,50,29,4,1
1,20000,0,45,25,12,0
1,37000,0,42,28,6,0
0,2000,83,45,40,5,1
1,11000,0,30,22,9,0
0,1000,67,18,18,4,0
0,2000,75,21,21,2,0
1,25200,0,26,21,5,1
1,25200,0,26,21,5,1
1,25200,0,21,21,5,1
1,12500,0,55,45,3,0
1,25000,0,26,21,5,1
1,26000,0,25,22,5,0
1,43000,0,33,29,5,0
0,5000,45,36,33,4,0
